scenario,use_toll,bess_sites,mean_$M,std_$M,p05_$M,p95_$M
LMP + toll,True,,95046.04638756042,1.0202956764763706,95044.39329665611,95047.36872153697
LMP only,False,,95044.90294630964,1.1129269643941042,95043.10644107363,95046.32018623626
LMP + toll + BESS West,True,WEST,95044.67190134521,0.9694124029063445,95043.09815068137,95045.94048166803
LMP + toll + BESS Houston,True,HOUSTON,95044.40569609035,0.986504469946495,95042.81668921694,95045.69295105229
LMP + BESS West,False,WEST,95043.52846009444,1.062289732282586,95041.81181725232,95044.89194636731
LMP + BESS Houston,False,HOUSTON,95043.26225483959,1.076811606498028,95041.52983363444,95044.64441575155
LMP + toll + BESS both,True,"HOUSTON,WEST",95043.03120987515,0.9357908174041445,95041.51611829294,95044.26471118335
LMP + BESS both,False,"HOUSTON,WEST",95041.88776862436,1.0262224555917752,95040.23128307764,95043.21617588263
