scenario,delta_mean,delta_std,delta_p05,delta_p95
LMP only,0.0,0.0,0.0,0.0
LMP + toll,1.1434412507692469,0.1394838182081076,0.9600294193645823,1.3599693594565905
LMP + BESS Houston,-1.640691470078309,0.045967075606100694,-1.6953206872443842,-1.556181232270319
LMP + BESS West,-1.3744862151975394,0.060895587651263294,-1.4764654601633083,-1.2762217560120916
LMP + BESS both,-3.0151776852746845,0.09786465080766926,-3.1521994336384522,-2.819143871121196
LMP + toll + BESS Houston,-0.49725021930818913,0.18121727721546513,-0.724452183352696,-0.21464160983450714
LMP + toll + BESS West,-0.23104496442741948,0.17907568337418728,-0.4712964737380389,0.08850453879203972
LMP + toll + BESS both,-1.8717364344990346,0.22182946521619806,-2.1530665112695715,-1.4724614170438146
