cap_label,cap_mwh_per_day,mean_$M,std_$M,delta_vs_lmp_$M,g_toll_total_mwh,toll_cost_$M,toll_lease_$M,binding_frac
peaker (720),720.0,95041.19556095688,1.0272339971915356,-3.7073853527693426,47874.61355724,2.770875817035718,4.800000000000001,0.015057182705955616
intermediate (1500),1500.0,95041.24500512943,1.0200064755927762,-3.6579411802307003,53058.67926716,3.0636352811074414,4.800000000000001,0.008010066314486714
near-nameplate (2280),2280.0,95041.24637889622,1.0202999186531156,-3.656567413432058,53342.27926716,3.079549387403409,4.800000000000001,0.005297947581676678
uncapped (None),inf,95041.24638756043,1.0202956764766047,-3.656558749230462,53344.67926716,3.079686867624776,4.800000000000001,
