site,x,freq,floating_mean_$M,floating_std_$M,floating_p05_$M,floating_p95_$M,breakeven_fixed_$M,fixed_payment_$M,net_at_physical_$M
HOUSTON,1,D,0.5285006715589294,0.029556867387785308,0.4902143429576111,0.5703492517753601,0.5285006715589294,3.0,-2.4714993284410705
WEST,1,D,0.6054529819809571,0.035792923061520134,0.5468613239070893,0.6538263631629944,0.6054529819809571,3.0,-2.394547018019043
HOUSTON,2,D,0.9636780440461429,0.05405952852329784,0.890215287566681,1.0418104284098817,0.9636780440461429,3.0,-2.036321955953857
WEST,2,D,1.1098880334815369,0.0657006951726222,1.0050239615493777,1.1879556898889163,1.1098880334815369,3.0,-1.8901119665184631
HOUSTON,4,D,1.6062209616181642,0.09323788545855799,1.4765563774832156,1.7390670275152589,1.6062209616181642,3.0,-1.3937790383818358
WEST,4,D,1.8646975799064944,0.11525550536973593,1.674202314743805,2.025374603345642,1.8646975799064944,3.0,-1.1353024200935056
HOUSTON,8,D,2.343294091614502,0.14251463400953418,2.1515101436737063,2.540296989829102,2.343294091614502,3.0,-0.656705908385498
WEST,8,D,2.7035700631743165,0.17487162595415404,2.4041804625103764,2.933380080877686,2.7035700631743165,3.0,-0.29642993682568336
