site,x,freq,floating_mean_$M,floating_std_$M,floating_p05_$M,floating_p95_$M,breakeven_fixed_$M,fixed_payment_$M,net_at_physical_$M
HOUSTON,4,D,1.877655599091736,1.076600654740933,1.4389839493661503,4.950534238402405,1.877655599091736,3.0,-1.122344400908264
WEST,4,D,2.1357794273668214,1.0722968559559023,1.6146014006079101,5.259311572402648,2.1357794273668214,3.0,-0.8642205726331784
