K_per_kw_month,lease_at_100MW_$M,fixed100_net_mean_$M,fixed100_vs_lmp_only,optimal_mw,optimal_net_mean_$M,optimal_vs_lmp_only,lmp_only_mean_$M
0.0,0.0,95044.58192399597,1.2140637223201338,100.0,95044.58192399597,1.2140637223201338,95043.36786027365
1.0,0.6,95043.98192399595,0.6140637222997611,100.0,95043.98192399595,0.6140637222997611,95043.36786027365
2.0,1.2,95043.38192399598,0.014063722337596118,100.0,95043.38192399598,0.014063722337596118,95043.36786027365
4.0,2.4,95042.18192399597,-1.1859362776740454,0.0,95043.36786027365,0.0,95043.36786027365
6.0,3.6,95040.98192399595,-2.385936277700239,0.0,95043.36786027365,0.0,95043.36786027365
8.0,4.8,95039.78192399595,-3.5859362776973285,0.0,95043.36786027365,0.0,95043.36786027365
12.0,7.2,95037.38192399598,-5.985936277662404,0.0,95043.36786027365,0.0,95043.36786027365
