scenario,use_toll,bess_sites,mean_$M,std_$M,p05_$M,p95_$M
LMP + toll,True,,95044.58192399597,1.0597465901030259,95042.86435576108,95045.95410458227
LMP only,False,,95043.36786027365,1.1573568751807852,95041.49954311753,95044.84164823037
LMP + toll + BESS West,True,WEST,95043.26993376251,1.0068080188062558,95041.63503547959,95044.5861992396
LMP + toll + BESS Houston,True,HOUSTON,95042.99541902462,1.02462509249651,95041.34449914594,95044.33111756212
LMP + BESS West,False,WEST,95042.05587004017,1.1046853765387141,95040.27061797332,95043.4737428877
LMP + BESS Houston,False,HOUSTON,95041.78135530232,1.1197957391922333,95039.97968650241,95043.21866121022
LMP + toll + BESS both,True,"HOUSTON,WEST",95041.68342879118,0.9718641381133641,95040.1095370753,95042.96321221946
LMP + BESS both,False,"HOUSTON,WEST",95040.46936506886,1.0671743594210694,95038.74669148482,95041.85075586755
