scenario,delta_mean,delta_std,delta_p05,delta_p95
LMP only,0.0,0.0,0.0,0.0
LMP + toll,-3.585936277679575,0.14663004793214784,-3.7798970025905874,-3.355688545812882
LMP + BESS Houston,-1.5865049713195185,0.04780621706839763,-1.6433197388199914,-1.4986153391189874
LMP + BESS West,-1.3119902334467042,0.06334220274936841,-1.4180687333013338,-1.2097733846996563
LMP + BESS both,-2.8984952047641857,0.10179116033384965,-3.040986585905921,-2.6945974293128527
LMP + toll + BESS Houston,-5.17244124900084,0.19003154816221124,-5.411428036620782,-4.873398738062678
LMP + toll + BESS West,-4.897926511127735,0.18776930658121915,-5.148734813689953,-4.560797097362957
LMP + toll + BESS both,-6.484431482444052,0.23223415364203132,-6.777962011899945,-6.066968393579737
