scenario,mean_$M,std_$M,p05_$M,p95_$M,rev_bess_$M,lmp_cost_$M,toll_cost_$M,bess_ch_$M,bess_lease_$M,ch_mwh,dis_dc_mwh,dis_grid_mwh,solve_s
LMP only,95043.36786027365,1.1573568751807852,95041.49954311753,95044.84164823037,0.0,33.21013580506562,0.0,0.0,0.0,0.0,0.0,0.0,9.515849113464355
LMP + toll,95044.58192399597,1.0597465901030259,95042.86435576108,95045.95410458227,0.0,28.745299359048076,3.2507727236976454,0.0,0.0,0.0,0.0,0.0,11.308814764022827
LMP + BESS Houston,95041.78135530232,1.1197957391922333,95039.97968650241,95043.21866121022,1.8173694569173464,32.346263793117444,0.0,1.2677464401830363,3.0,52789.7244751,13475.477865179999,35091.06868894,12.462867736816406
LMP + BESS West,95042.05587004017,1.1046853765387141,95040.27061797332,95043.4737428877,2.004579134031039,32.24022098700454,0.0,1.2864841855364322,3.0,55393.94996651798,14095.3790036,36867.05500384,13.163336753845215
LMP + BESS both,95040.46936506886,1.0671743594210694,95038.74669148482,95041.85075586755,4.199126596791003,31.753526980898986,0.0,2.5542306257194682,6.0,108183.674441618,21459.838944860003,78069.14161670001,16.50488018989563
LMP + toll + BESS Houston,95042.99541902462,1.02462509249651,95041.34449914594,95044.33111756212,2.3786147292231785,28.4426726194057,3.2507727236976454,1.2677464401830343,3.0,52789.72447509997,7137.185269979924,41429.36128414002,11.74340295791626
LMP + toll + BESS West,95043.26993376251,1.0068080188062558,95041.63503547959,95044.5861992396,2.012870209468361,27.783675616424325,3.2507727236976454,1.2864841855364322,3.0,55393.94996651798,13998.165699100004,36964.268308340004,13.02123212814331
LMP + toll + BESS both,95041.68342879118,0.9718641381133641,95040.1095370753,95042.96321221946,4.663746745556748,27.753310683647154,3.2507727236976454,2.5542306257194665,6.0,108183.67444161797,16185.343539979924,83343.63702158,17.19374990463257
