cap_label,cap_mwh_per_day,mean_$M,std_$M,delta_vs_lmp_$M,g_toll_total_mwh,toll_cost_$M,toll_lease_$M,binding_frac
peaker (720),720.0,95039.72629077917,1.0672600221218917,-3.641569494472933,48760.229984720005,2.9146949129600785,4.800000000000001,0.015335720481305356
intermediate (1500),1500.0,95039.7803388419,1.0594598916348956,-3.5875214317353676,54223.11212212,3.2328482891387766,4.800000000000001,0.008185856298629227
near-nameplate (2280),2280.0,95039.78191374663,1.0597515066217515,-3.5859465269942303,54530.31212212,3.2506098334369486,4.800000000000001,0.005415942835673309
uncapped (None),inf,95039.78192399595,1.0597465901025633,-3.585936277679575,54533.11212212,3.2507727236976454,4.800000000000001,
