K_per_kw_month,lease_at_100MW_$M,fixed100_net_mean_$M,fixed100_vs_lmp_only,optimal_mw,optimal_net_mean_$M,optimal_vs_lmp_only,lmp_only_mean_$M
0.0,0.0,95045.69799536216,1.1788216307468247,100.0,95045.69799536216,1.1788216307468247,95044.51917373142
1.0,0.6,95045.09799536217,0.5788216307555558,100.0,95045.09799536217,0.5788216307555558,95044.51917373142
2.0,1.2,95044.4979953622,-0.02117836922116112,0.0,95044.51917373142,0.0,95044.51917373142
4.0,2.4,95043.29799536218,-1.2211783692328027,0.0,95044.51917373142,0.0,95044.51917373142
6.0,3.6,95042.09799536217,-2.421178369244444,0.0,95044.51917373142,0.0,95044.51917373142
8.0,4.8,95040.89799536217,-3.621178369241534,0.0,95044.51917373142,0.0,95044.51917373142
12.0,7.2,95038.4979953622,-6.021178369221161,0.0,95044.51917373142,0.0,95044.51917373142
