scenario,use_toll,bess_sites,mean_$M,std_$M,p05_$M,p95_$M
LMP + toll,True,,95045.69799536216,1.028779276153091,95044.03113667312,95047.03112447352
LMP only,False,,95044.51917373142,1.1240340524521177,95042.70471657605,95045.95055035908
LMP + toll + BESS West,True,WEST,95044.33913208047,0.9773732884727081,95042.7523714055,95045.61796736176
LMP + toll + BESS Houston,True,HOUSTON,95044.07085051149,0.9946782832897296,95042.46871692211,95045.3685498549
LMP + BESS West,False,WEST,95043.16031044968,1.0728881680595719,95041.42651685546,95044.53739324733
LMP + BESS Houston,False,HOUSTON,95042.8920288807,1.0875572549689423,95041.14229682503,95044.28797574047
LMP + toll + BESS both,True,"HOUSTON,WEST",95042.71198722975,0.9434450840972635,95041.1844724941,95043.95539274316
LMP + BESS both,False,"HOUSTON,WEST",95041.533165599,1.036459958901353,95039.86013452608,95042.87481862871
