scenario,delta_mean,delta_std,delta_p05,delta_p95
LMP only,0.0,0.0,0.0,0.0
LMP + toll,-3.6211783692397876,0.14270198466901568,-3.8097174902846747,-3.398533565612888
LMP + BESS Houston,-1.6271448506959132,0.04642685982757992,-1.6823204545093176,-1.5417897652929242
LMP + BESS West,-1.3588632817266626,0.06150729558764946,-1.46186736232994,-1.2596102996671108
LMP + BESS both,-2.9860081324190832,0.09884631609156992,-3.124397327908082,-2.7880079039910926
LMP + toll + BESS Houston,-5.248323219934828,0.18490312648891868,-5.480234292588284,-4.958870910658152
LMP + toll + BESS West,-4.980041650968487,0.18270818188683507,-5.223937469624071,-4.653403021887789
LMP + toll + BESS both,-6.607186501661199,0.2259194169754487,-6.892571803130704,-6.200773637363454
