cap_label,cap_mwh_per_day,mean_$M,std_$M,delta_vs_lmp_$M,g_toll_total_mwh,toll_cost_$M,toll_lease_$M,binding_frac
peaker (720),720.0,95040.84420932438,1.0361192896066123,-3.674964407028747,48765.42998472,2.830083087755542,4.800000000000001,0.015337355948294083
intermediate (1500),1500.0,95040.8964704869,1.028501752584821,-3.622703244506265,54199.89569464,3.1376817958112757,4.800000000000001,0.008182351403176328
near-nameplate (2280),2280.0,95040.89798551498,1.0287840721237602,-3.6211882164387497,54505.09569464,3.154831738083796,4.800000000000001,0.005413438343686435
uncapped (None),inf,95040.89799536217,1.0287792761530072,-3.6211783692397876,54507.89569464,3.1549899472015897,4.800000000000001,
