K_per_kw_month,lease_at_100MW_$M,fixed100_net_mean_$M,fixed100_vs_lmp_only,optimal_mw,optimal_net_mean_$M,optimal_vs_lmp_only,lmp_only_mean_$M
0.0,0.0,95045.48834338803,1.1610555339284474,100.0,95045.48834338803,1.1610555339284474,95044.3272878541
1.0,0.6,95044.88834338804,0.5610555339371786,100.0,95044.88834338804,0.5610555339371786,95044.3272878541
2.0,1.2,95044.28834338805,-0.0389444660540903,0.0,95044.3272878541,0.0,95044.3272878541
4.0,2.4,95043.08834338807,-1.238944466036628,0.0,95044.3272878541,0.0,95044.3272878541
6.0,3.6,95041.88834338804,-2.4389444660628214,0.0,95044.3272878541,0.0,95044.3272878541
8.0,4.8,95040.68834338804,-3.638944466059911,0.0,95044.3272878541,0.0,95044.3272878541
12.0,7.2,95038.28834338805,-6.03894446605409,0.0,95044.3272878541,0.0,95044.3272878541
