scenario,use_toll,bess_sites,mean_$M,std_$M,p05_$M,p95_$M
LMP + toll,True,,95045.48834338803,1.0357770918643268,95043.80989078467,95046.83021172936
LMP only,False,,95044.3272878541,1.129587765996261,95042.50385434122,95045.76573239578
LMP + toll + BESS West,True,WEST,95044.1372918252,0.9841273158705385,95042.53946761023,95045.42459619598
LMP + toll + BESS Houston,True,HOUSTON,95043.86797184765,1.0014756205380035,95042.25456488013,95045.17423504511
LMP + BESS West,False,WEST,95042.97623629124,1.0781875903924398,95041.23386676928,95044.36011686242
LMP + BESS Houston,False,HOUSTON,95042.70691631373,1.0929302480739302,95040.94852843667,95044.10975571153
LMP + toll + BESS both,True,"HOUSTON,WEST",95042.51692028482,0.9499978732265157,95040.97863543997,95043.76861951174
LMP + BESS both,False,"HOUSTON,WEST",95041.35586475088,1.041578915362851,95039.67456037893,95042.70414017816
