scenario,delta_mean,delta_std,delta_p05,delta_p95
LMP only,0.0,0.0,0.0,0.0
LMP + toll,1.16105553394882,0.1414460799467628,0.9749284324032488,1.3813727504930284
LMP + BESS Houston,-1.6203715403852401,0.04665675169922444,-1.6758203356774175,-1.5345940319559304
LMP + BESS West,-1.3510515628533903,0.06181311886610825,-1.4545680263632677,-1.2513044615639957
LMP + BESS both,-2.971423103233974,0.0993371276548442,-3.1104960294374906,-2.7724398121266858
LMP + toll + BESS Houston,-0.4593160064364201,0.1837799620485693,-0.690061708095891,-0.17191775956016503
LMP + toll + BESS West,-0.18999602890427922,0.18160475222359082,-0.4337293185009912,0.1347921269210926
LMP + toll + BESS both,-1.810367569286609,0.22498559450753053,-2.0957957998754866,-1.4055798787339884
