cap_label,cap_mwh_per_day,mean_$M,std_$M,delta_vs_lmp_$M,g_toll_total_mwh,toll_cost_$M,binding_frac
peaker (720),720.0,95045.43660263998,1.0428038200897167,1.1093147858895827,47869.413557240005,2.812237317411845,0.015055547238966889
intermediate (1500),1500.0,95045.48693165387,1.035483216086851,1.1596437997629983,53071.462839679996,3.110294232877481,0.008011996201642512
near-nameplate (2280),2280.0,95045.48833456448,1.0357814131913783,1.1610467103801785,53357.062839679995,3.126548540541112,0.0052994158839944055
uncapped (None),inf,95045.48834338803,1.0357770918643268,1.16105553394882,53359.462839679996,3.1266880931670538,
