mw_reserved,base_mean_$M
0.0,36377.2641731484
10.0,36377.48388755978
20.0,36377.70323387299
30.0,36377.92226006596
40.0,36378.14092962667
50.0,36378.35923150544
60.0,36378.57715769844
70.0,36378.79467514207
80.0,36379.01174013617
90.0,36379.22826043986
100.0,36379.44427108327
