scenario,delta_mean,delta_std,delta_p05,delta_p95
LMP only,0.0,0.0,0.0,0.0
LMP + toll,2.297182663445128,14.68897741623507,-2.9859567390834854,45.710480315078165
LMP + BESS Houston,-0.9760552049955004,1.131831963335193,-1.4341279662308808,2.4167150895322265
LMP + BESS West,-0.7089436066622148,1.1190360850665229,-1.2381436997049604,2.6282658890100716
LMP + BESS both,-1.684998811656551,2.2468478561628675,-2.6463804197606806,4.943272613964655
LMP + toll + BESS Houston,1.3211274584470083,15.811248297972258,-4.406372454147641,48.18800232696376
LMP + toll + BESS West,1.588239056781167,15.803682055773145,-4.1499513361006395,48.36137952035642
LMP + toll + BESS both,0.6121838517836296,16.92633810548778,-5.571637590881437,50.83890153224347
